,AK,AL,AR,AZ,CA,CO,CT,DE,FL,GA,HI,IA,ID,IL,IN,KS,KY,LA,MA,MD,ME,MI,MN,MO,MS,MT,NC,ND,NE,NH,NJ,NM,NV,NY,OH,OK,OR,PA,RI,SC,SD,TN,TX,UT,VA,WA,WI,WY
0,0.8658806009267143,0.5777289746662225,0.4868819214828995,0.32523479719969456,0.9005685577674101,0.9401530879611293,0.5255331190700818,1.0,0.9122613657583806,0.6279649500688352,0.3422906889617114,0.28513960236855124,0.4889034238769355,0.8711641733138275,0.928239835999491,0.4936738133468983,0.7480837117814286,0.2677766989272296,0.07295923076897308,0.9558341378345445,0.6359415087876886,0.1484912733244545,0.46809171993703524,0.6547888645896057,0.5503250995992138,0.08160262586042089,0.5669406078792438,0.31607122976423796,0.4989878758303799,0.880924970595822,0.6331312129174211,0.466263262091144,0.9948315041197434,0.2497123402548442,0.2578153327527855,0.4634138254791589,0.23792225148130972,0.9533574416680646,0.6291934070768684,0.8209180363734443,0.5976959499371397,0.06084129525375722,0.5118610011081968,0.4875708601172176,1.0,0.11960214549320283,0.25543965891055487,0.9237763773184777
1,-0.08965313391476956,-0.16298004418031592,0.21198533900099908,0.27281056392889785,0.03531409162204202,0.02212599290730291,-0.29173912192670276,1.0,-0.031145463431134453,0.1363643834323159,-0.3006808027720588,0.32084416126714377,-0.2484144965082066,0.04582888457459129,0.025458406905908643,-0.1996965138350129,-0.09061551745176154,0.31805618660678975,0.4758871350627537,-0.015657188507991665,0.5411985139653652,0.39194639555451305,-0.2029919234833152,0.14420012435747345,0.2152667919070726,0.575681371022194,-0.16081909115055498,0.37783418260654883,0.1972964481205001,0.1859539124585247,-0.1343377547248879,-0.23293286752764628,-0.0018314655138994274,-0.32966911374886965,-0.311863876473617,-0.23438226875778775,0.3245441785696258,0.016536056727167098,0.1555909747035668,0.06393409465136751,-0.40230405006286035,0.5126928713527953,0.18386114648896495,-0.20246774994600572,-1.0,0.41946313130443125,-0.3133458696067296,0.07622362268152225
2,False,False,False,False,False,False,False,False,False,False,False,False,False,False,False,False,False,False,False,False,False,False,False,False,False,False,False,False,False,False,False,False,False,False,False,False,False,False,False,False,False,False,False,False,False,False,False,False
